{"cameraMode":{"drawMode":0,"name":"Shaded","section":"Shading Mode"},"sceneLighting":false,"audioPlay":false,"sceneViewState":{"m_AlwaysRefresh":false,"showFog":true,"showSkybox":false,"showFlares":true,"showImageEffects":true,"showParticleSystems":true,"showVisualEffectGraphs":true,"m_FxEnabled":true},"in2DMode":false,"pivot":{"x":-0.03628452867269516,"y":0.7306166887283325,"z":-0.7387582063674927},"rotation":{"x":-0.1654183715581894,"y":-0.05454380065202713,"z":0.008714510127902031,"w":-0.9848517179489136},"size":0.5857633352279663,"orthographic":false}