{"cameraMode":{"drawMode":0,"name":"Shaded","section":"Shading Mode"},"sceneLighting":false,"audioPlay":false,"sceneViewState":{"m_AlwaysRefresh":false,"showFog":true,"showSkybox":false,"showFlares":true,"showImageEffects":true,"showParticleSystems":true,"showVisualEffectGraphs":true,"m_FxEnabled":true},"in2DMode":false,"pivot":{"x":5.960464477539063e-8,"y":0.02843625843524933,"z":-0.0014379024505615235},"rotation":{"x":0.3612837791442871,"y":0.26858797669410708,"z":-0.10892368108034134,"w":0.8863875865936279},"size":2.6802914142608644,"orthographic":false}