{"cameraMode":{"drawMode":0,"name":"Shaded","section":"Shading Mode"},"sceneLighting":false,"audioPlay":false,"sceneViewState":{"m_AlwaysRefresh":false,"showFog":true,"showSkybox":false,"showFlares":true,"showImageEffects":true,"showParticleSystems":true,"showVisualEffectGraphs":true,"m_FxEnabled":true},"in2DMode":false,"pivot":{"x":-0.38263678550720217,"y":-2.255148410797119,"z":-1.5666717290878297},"rotation":{"x":0.19079503417015077,"y":0.6644735932350159,"z":-0.6997755765914917,"w":0.18055765330791474},"size":3.4503774642944338,"orthographic":false}