{"cameraMode":{"drawMode":0,"name":"Shaded","section":"Shading Mode"},"sceneLighting":false,"audioPlay":false,"sceneViewState":{"m_AlwaysRefresh":false,"showFog":true,"showSkybox":false,"showFlares":true,"showImageEffects":true,"showParticleSystems":true,"showVisualEffectGraphs":true,"m_FxEnabled":true},"in2DMode":false,"pivot":{"x":-0.049518585205078128,"y":-0.4407586455345154,"z":-0.6774289608001709},"rotation":{"x":-0.09110969305038452,"y":-0.8915492296218872,"z":0.20517638325691224,"w":-0.39381322264671328},"size":1.2662239074707032,"orthographic":false}