{"cameraMode":{"drawMode":0,"name":"Shaded","section":"Shading Mode"},"sceneLighting":false,"audioPlay":false,"sceneViewState":{"m_AlwaysRefresh":false,"showFog":true,"showSkybox":false,"showFlares":true,"showImageEffects":true,"showParticleSystems":true,"showVisualEffectGraphs":true,"m_FxEnabled":true},"in2DMode":false,"pivot":{"x":-8.594873428344727,"y":0.028436265885829927,"z":-2.869180202484131},"rotation":{"x":-0.053938258439302447,"y":0.9099006652832031,"z":0.12347718328237534,"w":0.3930893838405609},"size":0.5440487861633301,"orthographic":false}