{"cameraMode":{"drawMode":0,"name":"Shaded","section":"Shading Mode"},"sceneLighting":true,"audioPlay":false,"sceneViewState":{"m_AlwaysRefresh":false,"showFog":true,"showSkybox":true,"showFlares":true,"showImageEffects":true,"showParticleSystems":true,"showVisualEffectGraphs":true,"m_FxEnabled":true},"in2DMode":false,"pivot":{"x":-104.36800384521485,"y":3.0808911323547365,"z":19.847496032714845},"rotation":{"x":-0.13841505348682404,"y":0.3981883227825165,"z":-0.060917336493730548,"w":-0.9047523140907288},"size":14.860950469970704,"orthographic":false}