{"cameraMode":{"drawMode":0,"name":"Shaded","section":"Shading Mode"},"sceneLighting":false,"audioPlay":false,"sceneViewState":{"m_AlwaysRefresh":false,"showFog":true,"showSkybox":false,"showFlares":true,"showImageEffects":true,"showParticleSystems":true,"showVisualEffectGraphs":true,"m_FxEnabled":true},"in2DMode":false,"pivot":{"x":2.9066224098205568,"y":-0.20771586894989015,"z":-0.9830754995346069},"rotation":{"x":0.08383240550756455,"y":-0.7147279381752014,"z":-0.08772066980600357,"w":-0.6890491247177124},"size":2.8647396564483644,"orthographic":false}